Disability medical benefits,BE-01-00-00-00
Health coverage benefits,BE-03-00-00-00
"Utilities, Energy, and Heating benefits at home",BE-05-00-00-00
Public Benefits,BE-00-00-00-00
"Unemployment Benefits, Compensation, and Insurance",BE-04-00-00-00
Food and cash benefits,BE-02-00-00-00
Elder Abuse,FA-15-00-00-00
Adoption,FA-01-00-00-00
Child Support,FA-05-00-00-00
Eviction from a home,HO-02-00-00-00
Foster Care,FA-09-00-00-00
Mediation and Alternative Dispute Resolution for family,FA-13-00-00-00
Credit practices and Credit reports,MO-04-00-00-00
Discrimination around work and employment,WO-08-00-00-00
Identity Theft and Lost Credit Cards,MO-06-00-00-00
Dealing with an estate after a death,ES-02-00-00-00
After being found guilty of a crime,CR-02-00-00-00
Debt and Lending Money issues,MO-12-00-00-00
Work and Employment Law,WO-00-00-00-00
Health Care for Native Americans,NA-09-00-00-00
Being harassed by another person,TO-05-00-00-00
Estates and Wills,ES-00-00-00-00
Crime and Prisons,CR-00-00-00-00
Paternity,FA-12-00-00-00
"Contracts, Warranties, and Deceptive Trade Practices",MO-03-00-00-00
Veterans and Military Service-members' Civilian Work,WO-10-00-00-00
Car insurance,TR-05-00-00-00
Insurance,MO-07-00-00-00
Employment in prison,WO-09-00-00-00
Getting injured in or by a car,TR-01-00-00-00
Dealing with traffic and parking tickets,TR-02-00-00-00
"Power of Attorney, Advance Directives, and Living Wills",ES-05-00-00-00
Discharge from military,VE-02-00-00-00
Birth Certificates and Identity Documents,FA-02-00-00-00
Zoning issues related to housing,HO-12-00-00-00
"Divorce, Separation, and Annulment",FA-06-00-00-00
Benefits for Native Americans,NA-07-00-00-00
Veterans and Military benefits,BE-06-00-00-00
Door-to-door solicitation and Telemarketing,MO-14-00-00-00
Discrimination around housing,HO-01-00-00-00
"Housing Assistance, Public Housing, and Subsidized Housing",HO-03-00-00-00
Problems with living conditions,HO-05-00-00-00
Housing issues after contact with police,HO-11-00-00-00
Health,HE-00-00-00-00
Health issues from living conditions,HE-06-00-00-00
Estate Planning for Military,ES-07-00-00-00
Loans,MO-08-00-00-00
Discrimination against a customer,MO-11-00-00-00
Problems regarding a Former Job,WO-03-00-00-00
Unions,WO-05-00-00-00
Problems with medical or nursing home care,HE-03-00-00-00
Medical Records and Privacy,HE-05-00-00-00
Veterans and Military,VE-00-00-00-00
Being a victim or witness to a crime,CR-01-00-00-00
Public Benefits for immigrants,IM-03-00-00-00
"Child Custody, Parenting Plans, and Visitation",FA-04-00-00-00
Taking Care of Sick or Disabled Family,FA-16-00-00-00
Foreclosure on a Home,HO-08-00-00-00
Taxes,MO-09-00-00-00
Being Physically Injured or Harmed,TO-01-00-00-00
Guardianship and Conservatorship,ES-03-00-00-00
Bankruptcy,MO-13-00-00-00
Volunteering or interning at a job,WO-06-00-00-00
Traffic and Cars,TR-00-00-00-00
Having personal data breached,TO-02-00-00-00
Child Care Costs,FA-03-00-00-00
Family and child support for Native Americans,NA-03-00-00-00
Retirement and Pensions,WO-04-00-00-00
Active Duty Claims,VE-01-00-00-00
Legal problems for military,VE-07-00-00-00
Applying and interviewing for a job,WO-01-00-00-00
Rights to Access Health Care and Discrimination,HE-02-00-00-00
Getting Nursing Home Care,HE-04-00-00-00
Issues with Owning a Car,TR-04-00-00-00
Emancipation of a minor,FA-08-00-00-00
Housing,HO-00-00-00-00
Renting or leasing a home,HO-06-00-00-00
Owning a Home,HO-09-00-00-00
Small Claims actions,MO-10-00-00-00
Workers with health or disability issues,HE-07-00-00-00
Getting Care and Coverage for an injury,TO-03-00-00-00
Estate Planning and writing a will,ES-01-00-00-00
Funeral and Burial Issues,ES-06-00-00-00
Deployment preparation and issues,VE-08-00-00-00
Marriages and civil unions,FA-10-00-00-00
Juvenile Justice,CR-10-00-00-00
Buying a Home,HO-04-00-00-00
"Money, Debt, and Consumer Issues",MO-00-00-00-00
Financial Literacy,MO-05-00-00-00
Paying for education,ED-03-00-00-00
Trusts,ES-04-00-00-00
Draft into military,VE-03-00-00-00
Name or Gender Change,FA-11-00-00-00
Domestic Violence and Abuse,FA-07-00-00-00
Housing after a Disaster,HO-10-00-00-00
Paying for medical care,MO-02-00-00-00
Problems at a Current Job,WO-02-00-00-00
Parental Rights (and Termination),FA-14-00-00-00
"Utilities, Energy, and Heating at home",HO-07-00-00-00
Disability Rights,RI-03-00-00-00
Medical Assistance for military and veterans,VE-04-00-00-00
Mental Health for military and veterans,VE-05-00-00-00
Legal protections for military,VE-06-00-00-00
Family,FA-00-00-00-00
Being injured on the job,WO-07-00-00-00
Care for a specific condition or disability,HE-01-00-00-00
Driver's licenses or permits,TR-03-00-00-00
Accidents and Torts,TO-00-00-00-00
"Suing someone, or being sued, for an injury",TO-04-00-00-00
Due Process rights,CR-09-00-00-00
Criminal Records,CR-06-00-00-00
Immigration,IM-00-00-00-00
Detention of immigrants,IM-02-00-00-00
Line-ups and Identification,CR-05-00-00-00
Reentry after prison,CR-14-00-00-00
"Dealing with police and prosecutors during encounters, arrests, searches, or charges",CR-12-00-00-00
Confessions and Custodial Statements,CR-03-00-00-00
Death Penalty,CR-07-00-00-00
Getting and having a lawyer in a criminal case,CR-04-00-00-00
Deportation or Removal of immigrants,IM-01-00-00-00
Habeas Corpus,CR-11-00-00-00
Going through criminal court case,CR-08-00-00-00
"Prisoners' rights, services, and conditions",CR-15-00-00-00
Understanding Specific Types of Crimes,CR-13-00-00-00
"Options for immigration status, work permits, and travel papers",IM-04-00-00-00
Rights of immigrants,IM-06-00-00-00
Disaster Relief,DI-00-00-00-00
Right to lawyer,RI-02-00-00-00
Voting Rights,RI-04-00-00-00
Immigration options for victims of domestic violence,IM-12-00-00-00
Sponsoring an immigrant,IM-07-00-00-00
Political asylum,IM-05-00-00-00
Human Trafficking rights and protections,RI-16-00-00-00
LGBTQ Rights,RI-06-00-00-00
Help for Farms after a Disaster,DI-01-00-00-00
Women's Rights,RI-11-00-00-00
Help (public benefits) for individuals after a disaster,DI-02-00-00-00
First Amendment Protections,RI-05-00-00-00
Human Rights,RI-07-00-00-00
Finding Missing Persons after a Disaster,DI-03-00-00-00
Rights against Illegal Search and Seizure,RI-13-00-00-00
Undocumented immigrants,IM-11-00-00-00
Civil and Human Rights,RI-00-00-00-00
Prisoners' Rights,RI-10-00-00-00
Workers' Rights,RI-08-00-00-00
Refugees,IM-09-00-00-00
Border searches,IM-08-00-00-00
Sex workers' Rights,RI-15-00-00-00
Rights and protections for Native Americans,NA-08-00-00-00
Going to immigration interviews and hearings,IM-10-00-00-00
Mental Health Rights,RI-09-00-00-00
Privacy Rights,RI-12-00-00-00
Right to Travel,RI-14-00-00-00
Discrimination by Government (Equal Protection),RI-01-00-00-00
Environmental Justice,EN-00-00-00-00
Government and lands of Native Americans,NA-01-00-00-00
Students with disabilities,ED-07-00-00-00
Native-based legal services,NA-02-00-00-00
Legal Research,CO-06-00-00-00
Help for Small Businesses after a Disaster,BU-07-00-00-00
Finding and hiring a lawyer to help you,CO-09-00-00-00
Courts and Lawyers,CO-00-00-00-00
Running a For-Profit Business,BU-05-00-00-00
Voting and Elections,GO-03-00-00-00
School residency or enrollment,ED-08-00-00-00
Replacing Lost Documents after a disaster,DI-06-00-00-00
Privacy at school,ED-06-00-00-00
Going to court and dealing with procedure,CO-07-00-00-00
Self-Help Resources to understand legal issues,CO-02-00-00-00
Adult continuing education,ED-01-00-00-00
"Discipline, expulsion, or suspension from school",ED-04-00-00-00
Intellectual Property,BU-04-00-00-00
Relationship with a Lawyer (including privileged information and payment),CO-01-00-00-00
Tribal enrollment,NA-04-00-00-00
Representing oneself as Pro Se,CO-03-00-00-00
Education issues for Native Americans,NA-06-00-00-00
Sustainable Agriculture,EN-05-00-00-00
Native American crime victims,NA-05-00-00-00
Rulemaking procedure,CO-08-00-00-00
Native American Issues and Tribal Law,NA-00-00-00-00
Education,ED-00-00-00-00
Tax Relief after a disaster,DI-07-00-00-00
Benefits support at schools,ED-02-00-00-00
Environmental Protection,EN-02-00-00-00
Hazardous Waste,EN-03-00-00-00
Discrimination and access to education,ED-05-00-00-00
Pesticides,EN-04-00-00-00
Water Pollution,EN-06-00-00-00
Government Services,GO-00-00-00-00
Getting information and records from the government,GO-02-00-00-00
Running a farm business,BU-03-00-00-00
Rebuilding and Reconstruction after a disaster,DI-05-00-00-00
Insurance Claims after a disaster,DI-04-00-00-00
"Standards, testing, and requirements",ED-09-00-00-00
Economic Development,BU-02-00-00-00
Running a Nonprofit,BU-06-00-00-00
Administrative agency hearings,CO-04-00-00-00
"Licenses for Driving, Business, Fishing, Guns, etc.",GO-01-00-00-00
Small Business and IP,BU-00-00-00-00
Evidence,CO-05-00-00-00
Air Pollution,EN-01-00-00-00
Business and Occupational Licenses,BU-01-00-00-00
Adopting a Child,FA-01-01-00-00
Adopting an Adult,FA-01-02-00-00
Contesting an Adoption,FA-01-03-00-00
Birth Parents' Rights around an Adoption,FA-01-04-00-00
Grandparents' and other Family Members' Rights around an Adoption,FA-01-05-00-00
Uncontested Adoption of a Child,FA-01-01-01-00
Contested Adoption of a Child,FA-01-01-02-00
Taking Time off Work at Current Job,WO-02-14-00-00
Getting Time off Work for an Adoption,FA-01-01-03-00
Money Management in a Guardianship or Conservatorship,ES-03-01-00-00
Accountings for Funds Spent in a Guardianship or Conservatorship,ES-03-01-01-00
Financial exploitation in a Guardianship or Conservatorship,ES-03-01-02-00
Guardianship or Conservatorship of an Adult,ES-03-02-00-00
Guardianship or Conservatorship of a child (under 18),ES-03-03-00-00
Rights of Guardians and Conservators,ES-03-04-00-00
Removal of a Guardian or Conservator,ES-03-05-00-00
Getting a Conservatorship or Guardianship of an Adult,ES-03-02-01-00
Getting an Emergency Guardianship of an Adult,ES-03-02-01-01
Migrant and seasonal worker employment,IM-13-00-00-00
Getting a Guardianship of a Child,ES-03-03-02-00
SNAP (Food Stamp) benefits,BE-02-01-00-00
Temporary Assistance for Needy Families benefits,BE-02-02-00-00
School breakfast and lunch programs,ED-02-01-00-00
General Assistance from a state or local government,BE-02-03-00-00
"Supplemental Food Program for Women, Infants and Children (WIC)",BE-02-04-00-00
State Funded Cash Assisstance,BE-02-05-00-00
Supplemental Security Income,BE-01-03-00-00
Social Security Disability Insurance (SSDI),BE-01-02-00-00
Old Age Public Benefits,BE-07-00-00-00
State and local benefits for the disabled,BE-01-01-00-00
Social Security retirement benefits,BE-07-01-00-00
Disability benefits for veterans and military,BE-06-01-00-00
Eviction from subsidized or public housing,HO-02-02-00-00
Eviction from federally subsidized (Section 8) housing,HO-02-02-02-00
Eviction from a homeless shelter or group home,HO-02-01-00-00
Eviction from private rental housing (not public or subsidized),HO-02-03-00-00
Eviction from public housing (with government landlord),HO-02-02-03-00
Eviction from a home subsidized by Rural Economic and Community Development,HO-02-02-01-00
Court process of an eviction case,HO-02-03-02-00
Tenants' rights and options after an eviction,HO-02-05-00-00
Defenses to stop or delay an eviction,HO-02-04-00-00
Military service-members' protections around eviction,HO-02-04-04-00
Mental Health,HE-01-01-00-00
Criminal Tribal Courts,NA-10-00-00-00
Advance Directives,ES-05-01-00-00
Living Wills,ES-05-02-00-00
Powers of Attorney,ES-05-03-00-00
Expungement or Sealing of Criminal Record,CR-06-01-00-00
Expungement or Masking of an Eviction Record,HO-02-06-00-00
Pardons and Criminal Records ,CR-06-02-00-00
Pardon for a crime,CR-02-01-00-00
"Debt Collection, Repossession, Garnishment",MO-12-01-00-00
Dealing with Abusive Debt Collection,MO-12-01-01-00
Being a Collection-Proof Debtor,MO-12-01-02-00
Debt Management Counseling,MO-12-01-03-00
Fair Debt Collection Practices Act protections,MO-12-01-01-01
Deficiency Judgment issues,MO-12-01-04-00
Frozen Bank Account issues,MO-12-01-05-00
Garnishment issues,MO-12-01-06-00
Exemptions from Garnishment,MO-12-01-06-01
Wage Garnishment or Assignment issues,MO-12-01-06-02
Non-Wage Garnishment issues,MO-12-01-06-03
Liens on Property ,MO-12-01-07-00
Liens on a Home,H0-09-01-00-00
Title to one's home,H0-09-02-00-00
Clearing Title to one's home,HO-09-02-01-00
Defenses against a Foreclosure,HO-08-01-00-00
Military Service-members' Protections against Foreclosure,H0-08-01-01-00
Military Service-members' protection against collection and repossession,M0-12-01-08-00
Acknowledging paternity,FA-12-01-00-00
Blood Tests to determine paternity,FA-12-02-00-00
Contested Paternity,FA-12-03-00-00
Repossession of a car,MO-12-01-08-00
Issues with Purchasing and Financing a Car,TR-04-02-00-00
Warranties and contracts for a car,TR-04-04-00-00
Corporate and Commercial Contracts,MO-03-02-00-00
Arts & Entertainment Contracts,MO-03-02-01-00
Consumer Contract issues,MO-03-03-00-00
Car Payment Issues,TR-04-01-00-00
Car Repair issues,TR-04-03-00-00
Contracts for Car Repairs,TR-04-04-01-00
Warranty issues,MO-03-04-00-00
As-Is Warranty issues,MO-03-04-01-00
Chapter 7 Bankruptcy for people with limited income,MO-13-01-00-00
Chapter 13 Bankruptcy for people with regular income,MO-13-02-00-00
Discharge of Debts in Bankruptcy,MO-13-05-00-00
Exemptions to protect property during bankruptcy,MO-13-06-00-00
Automatic Stays on creditors during bankruptcy,MO-13-07-00-00
Exceptions to Debt Discharges during Bankruptcy,MO-13-08-00-00
Chapter 11 Bankruptcy for businesses,MO-13-09-00-00
Chapter 12 Bankruptcy for farmers or fishermen,MO-13-10-00-00
Incorporating and Dissolving a for-profit business,BU-05-01-00-00
Running an Arts/Entertainment Business,BU-10-00-00-00
Starting a for-profit business,BU-05-02-00-00
Finances of a for-profit business,BU-05-03-00-00
Taxes for a for-profit business,BU-05-04-00-00
Health Insurance issues,MO-02-01-00-00
Local Public Benefits to assist people after a disaster (not FEMA),DI-02-01-00-00
FEMA Housing Assistance,HO-10-03-00-00
FEMA 'Other Needs' assistance,DI-02-02-00-00
Getting a restraining or protection order,FA-07-01-00-00
Employment issues around domestic violence,FA-07-02-00-00
Custody issues around Domestic Violence,FA-07-03-00-00
Financial Issues around Domestic Violence,FA-07-04-00-00
Eviction issues during a public health emergency,HO-10-01-00-00
Domestic Violence issues during a public health emergency,FA-07-05-00-00
Public Health Emergency issues,DI-08-00-00-00
Child Care public benefits through TANF,FA-03-01-00-00
Child Care and Day Care Licenses,BU-01-01-00-00
Parental abduction or kidnapping of a child,FA-04-01-00-00
Emergency Custody orders and hearings,FA-04-02-00-00
Modifying a Custody Order,FA-04-03-00-00
Interstate Child Custody and Jurisdiction issues,FA-04-04-00-00
Competing Jurisdictions for child custody cases,FA-04-04-01-00
Emergency Jurisdiction for child custody,FA-04-04-02-00
Enforcing a Child Custody order,FA-04-05-00-00
Temporary Child Custody ,FA-04-06-00-00
Child Visitation,FA-04-07-00-00
Enforcing Child Visitation,FA-04-07-01-00
Modifying a Child Visitation Order,FA-04-07-02-00
Getting a Child Visitation Order,FA-04-07-03-00
Third-Party Visitation of child,FA-04-07-04-00
Terminating Parental Rights,FA-14-01-00-00
Defining what constitutes domestic violence and abuse,FA-07-07-00-00
Drug and Alcohol Treatment related to Domestic Violence,FA-07-06-00-00
Child Support and Domestic Violence,FA-07-04-01-00
Damages and financial compensation for domestic violence,FA-07-04-02-00
"Spousal Support, Alimony, and Separate Maintenance",FA-06-01-00-00
Spousal Support and Domestic Violence,FA-07-04-03-00
Firearms and other Weapons and domestic violence,FA-07-08-00-00
Enforcing a protection order,FA-07-09-00-00
Initial filing for a protection order,FA-07-01-01-00
Modifying a protection order's complaint,FA-07-01-02-00
Modifying a temporary protection order,FA-07-01-03-00
Extending a protection order,FA-07-01-04-00
Modifying or ending a final protection order,FA-07-01-05-00
Green Card options for victims of domestic abuse,IM-12-01-00-00
Canceling Removal Proceedings for domestic abuse victims,IM-12-02-00-00
Immigration status through U-Visa for crime victims,IM-12-01-01-00
Common Law Marriage,FA-10-01-00-00
Name Change of an Adult,FA-11-01-00-00
Name Change of a Child,FA-11-02-00-00
Gender Change of an Adult,FA-11-03-00-00
Gender Change of a Child,FA-11-04-00-00
Business Licenses,BU-01-02-00-00
Exemptions for Child Care Licenses,BU-01-01-01-00
Getting a Child Care License,BU-01-01-02-00
Firearms licenses,G0-01-01-00-00
Vehicle/Auto License or Registration,TR-04-05-00-00
Divorce for Native American couples,NA-03-01-00-00
Housing Discrimination and Domestic Violence,FA-07-10-00-00
TANF Benefits exceptions for domestic violence victims,FA-07-04-04-00
Unemployment Benefits during a public health emergency,BE-04-10-00-00
Applying for Unemployment Insurance benefits,BE-04-01-00-00
Eligibility for Unemployment Insurance benefits,BE-04-02-00-00
'Ability to Work' criteria for Unemployment benefits,BE-04-02-01-00
Benefit amounts and details for unemployment,BE-04-03-00-00
Denial or Disqualification from unemployment benefits,BE-04-05-00-00
Enforcement of Child Support,FA-05-01-00-00
Going to Child Support (IV-D) Court,FA-05-01-01-00
Getting state support in enforcing child support,FA-05-01-02-00
Private enforcement of child support,FA-05-03-00-00
Intercepting tax refunds for child support,FA-05-01-04-00
Enforcing child support in different states,FA-05-01-05-00
Petitions for Child Support,FA-05-02-00-00
Modifying Child Support arrangement,FA-05-04-00-00
Child Support Guidelines for calculation and enforcement,FA-05-05-00-00
Other Custodial parent issues around child support,FA-05-06-00-00
Other Non-custodial parent issues with child support,FA-05-07-00-00
Legal Separation of spouses,FA-06-02-00-00
Division of property among separated spouses,FA-06-02-01-00
Property Settlement agreements for separated spouses,FA-06-02-02-00
Divorce process and types,FA-06-03-00-00
Annulment of a marriage,FA-06-04-00-00
Dividing Property and Debt among spouses,FA-06-05-00-00
Property Settlement agreements among spouses,FA-06-05-01-00
Community Property laws for spouses,FA-06-05-03-00
Long-term Spousal Support,FA-06-01-01-00
Lump Sum Spousal Support,FA-06-01-02-00
Support from pensions and retirement plans (with a QDRO),FA-06-01-03-00
Short-Term or Temporary Spousal Support,FA-06-01-04-00
Children's Issues during a divorce or separation,FA-06-06-00-00
Best Interest of Child standard,FA-06-06-01-00
Children-related divorce case management orders,FA-06-06-02-00
Mediation for children's issues and parenting plans,FA-06-06-03-00
Parental Rights and Responsibilities during a divorce,FA-06-06-05-00
Dividing Debt during a divorce,FA-06-05-04-00
Contested divorce process,FA-06-03-01-00
Uncontested Divorce process,FA-06-03-02-00
Subpoenas in a divorce process,FA-06-03-03-00
Taxes after divorce,FA-06-03-04-00
Filing motions after the final divorce decree,FA-06-03-05-00
Consolidating cases during a divorce,FA-06-03-06-00
Reopening a divorce for new evidence,FA-06-03-07-00
Stopping (or staying) a divorce process,FA-06-03-08-00
Venue of a divorce case,FA-06-03-09-00
Dividing real estate property in a divorce ,FA-06-05-05-00
Dividing pensions and retirement accounts in a divorce,FA-06-05-07-00
Marital vs. Non-Marital Property standards,FA-06-05-08-00
Equitable Distribution laws for spouses,FA-06-05-09-00
Re-opening or changing divorce property judgments,FA-06-05-10-00
Stopping a spouse from hiding or destroying assets,FA-06-05-11-00
Guardian Ad Litem for child in family law cases,ES-03-03-01-00
Guardian Ad Litem for vulnerable adults in housing cases,ES-03-02-02-00
"Problems after a final divorce, separation, or annulment judgment",FA-06-07-00-00
Contempt of court for violating a family law order,FA-06-07-01-00
Consequences of being found in contempt of family law judgment,FA-06-07-01-01
Contempt for financial issues related to a family law judgment,FA-06-07-01-02
Contempt for children's issues related to a family law judgment,FA-06-07-01-03
Enforcing a divorce or separation judgment,FA-06-07-02-00
Modifying a divorce or separation judgment,FA-06-07-03-00
Teen Parents' Rights and Obligations,FA-14-02-00-00
Living Trusts,ES-04-01-00-00
Guardianship of a child who has been abused or neglected,ES-03-03-03-00
Guardianship of a Mentally Ill Adult,ES-03-02-01-02
Car Accident lawsuits,TO-04-01-00-00
Federal Protections against housing discrimination (Fair Housing Act),HO-01-01-00-00
State protections against housing discrimination,HO-01-02-00-00
Local protections against housing discrimination,HO-01-03-00-00
Emergency Assistance for housing costs,HO-03-01-00-00
Local housing assistance programs,HO-03-01-01-00
State housing assistance programs,H)-03-01-02-00
Notice and Procedural defenses against an eviction,HO-02-04-01-00
Disability rights around housing,RI-03-01-00-00
Reasonable Accommodation for a disability defenses against an eviction,HO-02-04-02-00
Living conditions (habitability) defenses against an eviction,HO-02-04-03-00
Housing discrimination based on race,HO-01-04-00-00
Discriminatory housing lending (or Redlining),HO-01-05-00-00
One-Strike Eviction policies in public and subsidized housing,HO-02-02-04-00
Public Housing (with government as landlord),HO-03-02-00-00
Federally Subsidized Housing (including Section 8/Housing Choice Vouchers),HO-03-03-00-00
Rural rental assistance (formerly FMHA) programs,HO-03-04-00-00
Security Deposit for a rented home,HO-06-01-00-00
Security deposits and charges for federally subsidized (Section 8) rentals,HO-06-01-01-00
Security deposits and charges for public housing,HO-06-01-02-00
Poor living conditions in a rented home,HO-05-01-00-00
Poor living conditions in a federally subsidized (Section 8) home,HO-05-01-01-00
Poor living conditions in a rental subsidized with rural rental assistance,HO-05-01-02-00
Poor living conditions in public housing,HO-05-01-03-00
Housing code compliance,HO-05-01-04-00
"Rent charges, increases, and control",HO-06-02-00-00
Rent issues in public housing,HO-06-02-01-00
Rent issues in federally subsidized rentals,HO-06-02-02-00
Rent issues in rural assistance subsidized homes,HO-06-02-03-00
Challenging a landlord's security deposit deductions,HO-06-01-03-00
Challenging a federally subsidized rental's living conditions,HO-05-01-01-01
Landlord access to a rental,HO-06-04-00-00
Disruptions to 'quiet enjoyment' of a rental,HO-05-01-05-00
Title and ownership defenses against an eviction,HO-02-04-05-00
Being a defendant in an eviction lawsuit,HO-02-03-02-01
Being a plaintiff in an eviction lawsuit,HO-02-03-02-02
Having a Jury Trial in an eviction lawsuit,HO-02-03-02-03
Raising Appeals to an eviction lawsuit's judgment,HO-02-03-02-04
Nonpayment of Rent eviction case procedure,HO-02-03-02-05
Holdover eviction cases,HO-02-03-02-06
Canceling (or setting aside) an Eviction Order,HO-02-03-02-07
Challenging a landlord for a 'constructive eviction',HO-02-07-00-00
Jurisdiction issues around an eviction case,HO-02-03-02-08
Retaliatory Eviction defenses against an eviction,HO-02-04-06-00
"Tenant Rights, Organizations, and Participation",HO-06-03-00-00
Tenants' participation and organization in subsidized housing,HO-06-03-01-00
Tenants' participation and organization in public housing,HO-06-03-02-00
Leases for a rental home,HO-06-05-00-00
Leases for a federally subsidized home,HO-06-05-01-00
Landlord access to a federally subsidized rental,HO-06-04-01-00
Landlord or Housing Authority access to a public housing rental,HO-06-04-02-00
"Late fees, penalties, other charges for a rental home",H0-06-02-04-00
Landlord locking-out or shutting off utilities,HO-02-08-00-00
Landlord taking property for rent owed,HO-06-02-04-00
Rent Control ,HO-06-02-05-00
Overcharges of rent in a rent control area,HO-06-02-05-01
Determining if a home is covered by rent control,HO-06-02-05-02
Rent control agencies' practices,HO-06-02-05-03
Eviction limits under Rent Control laws,HO-06-02-05-04
Rent control jurisdictions,HO-06-02-05-05
"Pet fees, deposits, and rent",HO-06-02-05-06
Succession rights and process in Rent Control homes,HO-06-02-05-07
Local regulations of rental housing,HO-06-06-00-00
City regulations of renting a home,H0-06-06-01-00
State regulations of rental housing,HO-06-06-02-00
Homelessness and Housing Insecurity,HO-13-00-00-00
Affordable Housing development,HO-03-05-00-00
Rent Ceilings or Flat Rent for public housing,HO-06-02-01-01
Income-based rent rates for public housing,HO-06-01-01-02
Utility allowances and charges for public or subsidized housing,HO-06-02-01-03
Rent increases in public housing,HO-06-02-01-04
Safety and security in public housing,HO-03-02-04-00
"Public Housing sites, rehabilitation, and demolition",HO-03-02-05-00
Site selection for public housing,HO-03-02-05-01
Demolition of public housing,HO-03-02-05-02
Relocation rights and assistance for public housing,HO-03-02-05-03
Employment opportunities (Section 3) for public and subsidized housing contracts,HO-03-02-05-04
Hope VI program to revitalize public housing,HO-03-02-05-05
Getting public housing,HO-03-02-06-00
Eligibility and Selection Criteria for public housing,HO-03-02-06-01
Preferences in who gets public housing,HO-03-02-06-02
Residency requirements for public housing,HO-03-02-06-03
Immigrants' eligibility for housing programs,HO-03-07-00-00
Having visitors in public housing,HO-03-02-07-00
Low Income Housing Tax Credit to build affordable housing,HO-03-05-01-00
Single Room Occupancy housing options,HO-03-08-00-00
Tenant options when landlord is in foreclosure or bankruptcy,HO-08-06-00-00
Housing discrimination based on disability,HO-01-06-00-00
Housing discrimination based on national origin,HO-01-07-00-00
Housing Discrimination based on gender or sexuality,HO-01-08-00-00
"Housing discrimination based on familial status (having children, being pregnant, or adopting)",HO-01-09-00-00
Rental protections for those with HIV/AIDS,HO-06-06-03-00
Religious Freedoms and Discrimination,RI-17-00-00-00
Housing discrimination based on religion,HO-01-10-00-00
Housing discrimination based on source of income/voucher subsidies,HO-01-11-00-00
Having visitors to federally subsidized rental home,HO-03-03-01-00
Getting a Housing Choice (Section 8) voucher for federally subsidized rental,HO-03-03-02-00
Recertifying/reporting changes to income and family for Section 8 voucher,HO-03-03-03-00
Income-based rent rates for federally subsidized housing,HO-06-02-02-01
Rent ceilings or Flat Rent rates for federally subsidized rentals,HO-06-02-02-02
Housing Quality Standards for federally subsidized rentals,HO-05-01-01-02
Termination of a federal rental subsidy,HO-03-03-04-00
"Subsidized Housing Removal, Conversion, or Preservation",HO-03-03-06-00
Landlord Opting out of federal subsidies program,HO-03-03-06-01
Termination of 'Troubled Properties' as federally subsidized rentals,HO-05-01-01-03
Relocating with a federal rent subsidy voucher,HO-03-03-07-00
Safety and security issues in subsidized housing,HO-05-01-01-04
Federal subsidies to buy a home (Homeownership Voucher Program),HO-04-01-00-00